Meditations,Marcus  Aurelius,Philosophy,"Philosophy, History & Surveys, Ancient & Classical",Meditations.jpg,Meditations.pdf,Meditations.html,372
Emma,Jane Austen,Fiction,"Fiction, Classics",Emma.jpg,Emma.pdf,Emma.html,373
Mansfield Park,Jane Austen,Fiction,"Fiction, Classics",Mansfield Park.jpg,Mansfield Park.pdf,Mansfield Park.html,374
Pride and Prejudice,Jane Austen,Fiction,"Fiction, Romance, General",Pride and Prejudice.jpg,Pride and Prejudice.pdf,Pride and Prejudice.html,375
Sense and Sensibility,Jane Austen,Fiction,"Fiction, Romance, General",Sense and Sensibility.jpg,Sense and Sensibility.pdf,Sense and Sensibility.html,376
Alice's Adventures in Wonderland,Lewis Carroll,Fiction,"Juvenile Fiction, Fantasy & Magic",Alice's Adventures in Wonderland.jpg,Alice's Adventures in Wonderland.pdf,Alice's Adventures in Wonderland.html,377
Warrior of the Light volume 1,Paulo Coelho,Fiction,"Fiction, General",Warrior of the Light volume 1.jpg,Warrior of the Light volume 1.pdf,Warrior of the Light volume 1.html,378
Warrior of the Light volume 2,Paulo Coelho,Fiction,"Fiction, General",Warrior of the Light volume 2.jpg,Warrior of the Light volume 2.pdf,Warrior of the Light volume 2.html,379
Warrior of the Light volume 3,Paulo Coelho,Fiction,"Fiction, General",Warrior of the Light volume 3.jpg,Warrior of the Light volume 3.pdf,Warrior of the Light volume 3.html,380
The Way of the Bow,Paulo Coelho,Fiction,"Fiction, Sports",The Way of the Bow.jpg,The Way of the Bow.pdf,The Way of the Bow.html,381
The Pilgrimage,Paulo Coelho,Fiction,"Fiction, Religious",The Pilgrimage.jpg,The Pilgrimage.pdf,The Pilgrimage.html,382
The Zahir,Paulo Coelho,Fiction,"Fiction, General",The Zahir.jpg,The Zahir.pdf,The Zahir.html,383
Veronika decides to die,Paulo Coelho,Fiction,"Fiction, General",Veronika decides to die.jpg,Veronika decides to die.pdf,Veronika decides to die.html,384
"Stories for Parents, Children and Grandchildren",Paulo Coelho,Fiction,"Fiction, Short Stories (single author)","Stories for Parents, Children and Grandchildren.jpg","Stories for Parents, Children and Grandchildren.pdf","Stories for Parents, Children and Grandchildren.html",385
The Brothers Karamazov,Fyodor Dostoyevsky,Fiction,"Fiction, General",The Brothers Karamazov.jpg,The Brothers Karamazov.pdf,The Brothers Karamazov.html,386
The Curious Case of Benjamin Button,Francis Scott Fitzgerald,Fiction,"Fiction, Literary",The Curious Case of Benjamin Button.jpg,The Curious Case of Benjamin Button.pdf,The Curious Case of Benjamin Button.html,387
The Great Gatsby,Francis Scott Fitzgerald,Fiction,"Fiction, Classics",The Great Gatsby.jpg,The Great Gatsby.pdf,The Great Gatsby.html,388
Grimms' Fairy Tales,"Jacob W. Grimm, W. C. Grimm",Fiction,"Juvenile Fiction, Fairy Tales & Folklore, General",Grimms' Fairy Tales.jpg,Grimms' Fairy Tales.pdf,Grimms' Fairy Tales.html,389
"The Case Of Wagner, Nietzsche Contra Wagner, and Selected Aphorisms",Friedrich Nietzsche,Fiction,"Fiction, General","The Case Of Wagner, Nietzsche Contra Wagner, and Selected Aphorisms.jpg","The Case Of Wagner, Nietzsche Contra Wagner, and Selected Aphorisms.pdf","The Case Of Wagner, Nietzsche Contra Wagner, and Selected Aphorisms.html",390
To the Lighthouse,Woolf Virginia,Fiction,"Fiction, Classics",To the Lighthouse.jpg,To the Lighthouse.pdf,To the Lighthouse.html,391
Tractatus Logico-Philosophicus,Ludwig Wittgenstein,Philosophy,"Philosophy, Logic",Tractatus Logico-Philosophicus.jpg,Tractatus Logico-Philosophicus.pdf,Tractatus Logico-Philosophicus.html,392
"I, Robot",Cory Doctorow,Fiction,"Fiction, Science Fiction, Collections & Anthologies","I, Robot.jpg","I, Robot.pdf","I, Robot.html",393
With a Little Help,Cory Doctorow,Fiction,"Fiction, Science Fiction, Hard Science Fiction",With a Little Help.jpg,With a Little Help.pdf,With a Little Help.html,394
Clinical Findings in Pediatric Respiratory Disorders,"Kei Lutalo PhD, NRCP",Medicine,"Medical, Pulmonary & Thoracic Medicine",Clinical Findings in Pediatric Respiratory Disorders.jpg,Clinical Findings in Pediatric Respiratory Disorders.pdf,Clinical Findings in Pediatric Respiratory Disorders.html,395
The Natural Taoist,Michael J. Trout,Philosophy,"Philosophy, ",The Natural Taoist.jpg,The Natural Taoist.pdf,The Natural Taoist.html,396
Mental Chemistry,Charles F. Haanel,Philosophy,"Philosophy, Body, Mind & Spirit,  New Thought",Mental Chemistry.jpg,Mental Chemistry.pdf,Mental Chemistry.html,397
The NSTP (non-spatial Thinking Process) Theory,Kedar Joshi,Philosophy,"Philosophy, Mind and Body",The NSTP (non-spatial Thinking Process) Theory.jpg,The NSTP (non-spatial Thinking Process) Theory.pdf,The NSTP (non-spatial Thinking Process) Theory.html,398
Evidence for God,Jim Wallace,Philosophy,"Philosophy, Religion, Christian Theology, Apologetics",Evidence for God.jpg,Evidence for God.pdf,Evidence for God.html,399
Mathematical Recreations And Essays,W. W.Rouse Ball,Engineering & Maths,"Mathematics, Recreations & Games",Mathematical Recreations And Essays.jpg,Mathematical Recreations And Essays.pdf,Mathematical Recreations And Essays.html,400
An Introduction to Architectural Theory,"Harry Francis Mallgrave, David Goodman",Architecture,"Architecture, General",An Introduction to Architectural Theory.jpg,An Introduction to Architectural Theory.pdf,An Introduction to Architectural Theory.html,401
Calculus Without Derivatives,Jean-PaulPenot,Engineering & Maths,"Mathematics, Calculus",Calculus Without Derivatives.jpg,Calculus Without Derivatives.pdf,Calculus Without Derivatives.html,402
Manual of Psychosocial Rehabilitation,"Robert King, Chris Lloyd, Tom Meehan, Frank Deane, David Kavanagh",Medicine,"Medicine, Mental Health.",Manual of Psychosocial Rehabilitation.jpg,Manual of Psychosocial Rehabilitation.pdf,Manual of Psychosocial Rehabilitation.html,403
A Primer of Botanical Latin with Vocabulary,"Emma Short, Alex George",Sciences,"Science, Life Sciences, Botany",A Primer of Botanical Latin with Vocabulary.jpg,A Primer of Botanical Latin with Vocabulary.pdf,A Primer of Botanical Latin with Vocabulary.html,404
Physics and Dynamics of Clouds and Precipitation,Pao K. Wang,Sciences,"Science, Earth Sciences, Meteorology & Climatology",Physics and Dynamics of Clouds and Precipitation.jpg,Physics and Dynamics of Clouds and Precipitation.pdf,Physics and Dynamics of Clouds and Precipitation.html,405
Breakthroughs in Melanoma Research,Yohei Tanaka,Medicine,"Medicine, Oncology",Breakthroughs in Melanoma Research.jpg,Breakthroughs in Melanoma Research.pdf,Breakthroughs in Melanoma Research.html,406
Meeting the Physical Therapy Needs of Children,Susan K. Effgen,Medicine,"Medical, Physical Medicine & Rehabilitation",Meeting the Physical Therapy Needs of Children.jpg,Meeting the Physical Therapy Needs of Children.pdf,Meeting the Physical Therapy Needs of Children.html,407
Applications of Classical Physics (draft),"Roger D. Blandford, Kip S. Thorne",Sciences,"Science, Physics",Applications of Classical Physics (draft).jpg,Applications of Classical Physics (draft).pdf,Applications of Classical Physics (draft).html,408
How to Run a Country An Ancient Guide for Modern Leaders,Marcus Tullius Cicero,Philosophy,"Philosophy, History & Surveys, Ancient & Classical",How to Run a Country An Ancient Guide for Modern Leaders.jpg,How to Run a Country An Ancient Guide for Modern Leaders.pdf,How to Run a Country An Ancient Guide for Modern Leaders.html,409
The Quantum Mechanics of Minds and Worlds,Jeffrey Alan Barrett,Sciences,"Science, Physics, Quantum Theory",The Quantum Mechanics of Minds and Worlds.jpg,The Quantum Mechanics of Minds and Worlds.pdf,The Quantum Mechanics of Minds and Worlds.html,410
Stone Tools in the Paleolithic and Neolithic Near East A Guide,John J. Shea,History,"History, Ancient, General",Stone Tools in the Paleolithic and Neolithic Near East A Guide.jpg,Stone Tools in the Paleolithic and Neolithic Near East A Guide.pdf,Stone Tools in the Paleolithic and Neolithic Near East A Guide.html,411
"Aristotle and The Philosophy of Law Theory, Practice and Justice (Ius Gentium Comparative Perspectives on Law and Justice)","Liesbeth Huppes-cluysenaer, Nuno M. M. S. Coelho",Law,"Law, Jurisprudence","Aristotle and The Philosophy of Law Theory, Practice and Justice (Ius Gentium Comparative Perspectives on Law and Justice).jpg","Aristotle and The Philosophy of Law Theory, Practice and Justice (Ius Gentium Comparative Perspectives on Law and Justice).pdf","Aristotle and The Philosophy of Law Theory, Practice and Justice (Ius Gentium Comparative Perspectives on Law and Justice).html",412
Lectures on Finitely Generated Solvable Groups,"Katalin A. Bencsath, Marianna C. Bonanome, Margaret H. Dean, Marcos Zyman",Engineering & Maths,"Mathematics, Algebra, Abstract",Lectures on Finitely Generated Solvable Groups.jpg,Lectures on Finitely Generated Solvable Groups.pdf,Lectures on Finitely Generated Solvable Groups.html,413
Ethical Theory An Anthology (Second Edition),Russ Shafer-Landau,Philosophy,"Philosophy, Ethics & Moral Philosophy",Ethical Theory An Anthology (Second Edition).jpg,Ethical Theory An Anthology (Second Edition).pdf,Ethical Theory An Anthology (Second Edition).html,414
Applications of Discrete-time Markov Chains and Poisson Processes to Air Pollution Modeling and Studies,"Eliane Regina. Rodrigues, Jorge Alberto. Achcar",Sciences,"Science, Global Warming & Climate Change",Applications of Discrete-time Markov Chains and Poisson Processes to Air Pollution Modeling and Studies.jpg,Applications of Discrete-time Markov Chains and Poisson Processes to Air Pollution Modeling and Studies.pdf,Applications of Discrete-time Markov Chains and Poisson Processes to Air Pollution Modeling and Studies.html,415
System Identification Using Regular and Quantized Observations Applications of Large Deviations Principles,"Qi He, Le Yi Wang, G. George Yin",Sciences,"Science, Applied Sciences",System Identification Using Regular and Quantized Observations Applications of Large Deviations Principles.jpg,System Identification Using Regular and Quantized Observations Applications of Large Deviations Principles.pdf,System Identification Using Regular and Quantized Observations Applications of Large Deviations Principles.html,416
Neural Stem Cells New Perspectives,Luca Bonfanti,Medicine,"Medical, Neurology",Neural Stem Cells New Perspectives.jpg,Neural Stem Cells New Perspectives.pdf,Neural Stem Cells New Perspectives.html,417
"Gestational Diabetes Causes, Diagnosis and Treatment",Luis Sobrevia,Medicine,"Medical, Gynecology & Obstetrics","Gestational Diabetes Causes, Diagnosis and Treatment.jpg","Gestational Diabetes Causes, Diagnosis and Treatment.pdf","Gestational Diabetes Causes, Diagnosis and Treatment.html",418
The Transactional Interpretation of Quantum Mechanics The Reality of Possibility,Ruth E. Kastner,Sciences,"Science, Physics, Quantum Theory",The Transactional Interpretation of Quantum Mechanics The Reality of Possibility.jpg,The Transactional Interpretation of Quantum Mechanics The Reality of Possibility.pdf,The Transactional Interpretation of Quantum Mechanics The Reality of Possibility.html,419
Introduction to the Physics of Waves,Tim Freegarde,Sciences,"Science, Waves & Wave Mechanics",Introduction to the Physics of Waves.jpg,Introduction to the Physics of Waves.pdf,Introduction to the Physics of Waves.html,420
"Foundations of Psychological Profiling Terrorism, Espionage, and Deception",Richard Bloom W.,Law,"Law, Forensic Science","Foundations of Psychological Profiling Terrorism, Espionage, and Deception.jpg","Foundations of Psychological Profiling Terrorism, Espionage, and Deception.pdf","Foundations of Psychological Profiling Terrorism, Espionage, and Deception.html",421
Rate Constant Calculation for Thermal Reactions Methods and Applications,"Herbert DaCosta, Maohong Fan",Sciences,"Science, Life Sciences, Biochemistry",Rate Constant Calculation for Thermal Reactions Methods and Applications.jpg,Rate Constant Calculation for Thermal Reactions Methods and Applications.pdf,Rate Constant Calculation for Thermal Reactions Methods and Applications.html,422
Essentials of Clinical Infectious Diseases,"William F. Wright, DO, MPH",Medicine,"Medical, Parasitology",Essentials of Clinical Infectious Diseases.jpg,Essentials of Clinical Infectious Diseases.pdf,Essentials of Clinical Infectious Diseases.html,423
Clinical Management and Evolving Novel Therapeutic Strategies for Patients with Brain Tumors,Terry Lichtor,Medicine,"Medicine, Surgical, Photodynamic Therapy",Clinical Management and Evolving Novel Therapeutic Strategies for Patients with Brain Tumors.jpg,Clinical Management and Evolving Novel Therapeutic Strategies for Patients with Brain Tumors.pdf,Clinical Management and Evolving Novel Therapeutic Strategies for Patients with Brain Tumors.html,424
"Breath Odors Origin, Diagnosis, and Management","Nir. Sterer, Mel Rosenberg",Medicine,"Medical, Diseases","Breath Odors Origin, Diagnosis, and Management.jpg","Breath Odors Origin, Diagnosis, and Management.pdf","Breath Odors Origin, Diagnosis, and Management.html",425
Peter Pan,J.M. Barrie,Fiction,"Fiction, Literary",Peter Pan.jpg,Peter Pan.pdf,Peter Pan.html,426
The Oxford Handbook of British and Irish War Poetry,Tim Kendall,Poetry,"Literary Criticism, European, English, Irish, Scottish, Welsh",The Oxford Handbook of British and Irish War Poetry.jpg,The Oxford Handbook of British and Irish War Poetry.pdf,The Oxford Handbook of British and Irish War Poetry.html,427
"Alcohol A Dangerous and Unnecessary Medicine, How and why",Martha Meir Allen,Health & Fitness,"Health & Daily Living, Substance Abuse","Alcohol A Dangerous and Unnecessary Medicine, How and why.jpg","Alcohol A Dangerous and Unnecessary Medicine, How and why.pdf","Alcohol A Dangerous and Unnecessary Medicine, How and why.html",428
The Island of Doctor Moreau,H. G. Wells,Fiction,"Fiction, Science Fiction, General",The Island of Doctor Moreau.jpg,The Island of Doctor Moreau.pdf,The Island of Doctor Moreau.html,429
Think and Grow Rich,Napoleon Hill,Business & Mgt,"Business & Economics, Personal Finance, General",Think and Grow Rich.jpg,Think and Grow Rich.pdf,Think and Grow Rich.html,430
A Song of a Single Note,Amelia Edith Barr,Fiction,"Fiction, Literature",A Song of a Single Note.jpg,A Song of a Single Note.pdf,A Song of a Single Note.html,431
A Briefer History of Time,Eric Schulman,History,"History, Science, History",A Briefer History of Time.jpg,A Briefer History of Time.pdf,A Briefer History of Time.html,432
"Greater Medieval Houses of England and Wales, 1300-1500 Volume 3, Southern England",Anthony Emery,Architecture,"Architecture, Buildings, Residential","Greater Medieval Houses of England and Wales, 1300-1500 Volume 3, Southern England.jpg","Greater Medieval Houses of England and Wales, 1300-1500 Volume 3, Southern England.pdf","Greater Medieval Houses of England and Wales, 1300-1500 Volume 3, Southern England.html",433
"Sustainable and Resilient Communities A Comprehensive Action Plan for Towns, Cities, and Regions",Stephen J. Coyle,Architecture,"Architecture, Urban and Land Use Planning","Sustainable and Resilient Communities A Comprehensive Action Plan for Towns, Cities, and Regions.jpg","Sustainable and Resilient Communities A Comprehensive Action Plan for Towns, Cities, and Regions.pdf","Sustainable and Resilient Communities A Comprehensive Action Plan for Towns, Cities, and Regions.html",434
"Galbraith's Building and Land Management Law for Students, Sixth Edition","Michael Stockdale, Rebecca Mitchell, Stephen Wilson, Simon Spurgeon, Russell Hewitson, Mick Woodley",Architecture,"Architecture, Project Management","Galbraith's Building and Land Management Law for Students, Sixth Edition.jpg","Galbraith's Building and Land Management Law for Students, Sixth Edition.pdf","Galbraith's Building and Land Management Law for Students, Sixth Edition.html",435
